customer_id,first_name,last_name,email,phone,referred_by
1,Alexander,Bailey,alexander.bailey1@email.com,619-873-3363,NULL
2,Ronald,Cox,ronald.cox2@email.com,702-612-1659,NULL
3,Barbara,Jones,barbara.jones3@email.com,415-830-6456,NULL
4,Megan,Gutierrez,megan.gutierrez4@email.com,206-252-9446,NULL
5,Emily,Adams,emily.adams5@email.com,619-266-7438,1
6,Scott,Ramos,scott.ramos6@email.com,619-619-9351,NULL
7,Camila,Price,camila.price7@email.com,213-586-1272,NULL
8,Jack,Nelson,jack.nelson8@email.com,310-526-6040,NULL
9,Michael,Kim,michael.kim9@email.com,206-371-4728,NULL
10,Susan,Howard,susan.howard10@email.com,206-274-9589,NULL
11,Heather,Jackson,heather.jackson11@email.com,408-132-2800,NULL
12,Edward,Williams,edward.williams12@email.com,206-421-7861,1
13,Joshua,Evans,joshua.evans13@email.com,408-520-9221,NULL
14,Noah,Patel,noah.patel14@email.com,805-822-3262,NULL
15,Sharon,Bailey,sharon.bailey15@email.com,619-778-8837,NULL
16,Dennis,Green,dennis.green16@email.com,415-570-9734,NULL
17,Catherine,Cooper,catherine.cooper17@email.com,619-792-5331,NULL
18,Sofia,Harris,sofia.harris18@email.com,408-385-5890,NULL
19,Cynthia,Hill,cynthia.hill19@email.com,213-821-4396,NULL
20,Camila,Green,camila.green20@email.com,206-457-5480,2
21,Pamela,Thomas,pamela.thomas21@email.com,702-504-6654,NULL
22,Donna,Nguyen,donna.nguyen22@email.com,805-394-2294,NULL
23,Patrick,Cruz,patrick.cruz23@email.com,213-865-8849,NULL
24,Jason,Sanchez,jason.sanchez24@email.com,213-675-5450,NULL
25,Emily,Wilson,emily.wilson25@email.com,408-348-1831,NULL
26,Cynthia,Brooks,cynthia.brooks26@email.com,408-153-2641,NULL
27,Victoria,Nelson,victoria.nelson27@email.com,206-202-3252,NULL
28,Mary,Peterson,mary.peterson28@email.com,415-516-8793,NULL
29,Arturo,Wood,arturo.wood29@email.com,408-874-5706,NULL
30,Samuel,Torres,samuel.torres30@email.com,805-887-2465,NULL
31,Amy,Morgan,amy.morgan31@email.com,805-279-7846,NULL
32,Melissa,Jones,melissa.jones32@email.com,702-906-9116,NULL
33,Deborah,Myers,deborah.myers33@email.com,213-997-1613,NULL
34,John,Hill,john.hill34@email.com,310-443-5662,NULL
35,Peter,Chavez,peter.chavez35@email.com,206-237-9261,3
36,Judith,Wright,judith.wright36@email.com,408-928-2845,NULL
37,Gregory,Lee,gregory.lee37@email.com,206-763-5215,NULL
38,Deborah,Johnson,deborah.johnson38@email.com,619-909-5833,NULL
39,Stephanie,Thompson,stephanie.thompson39@email.com,702-946-8007,NULL
40,Debra,Lopez,debra.lopez40@email.com,702-785-2562,NULL
41,Deborah,Moore,deborah.moore41@email.com,206-431-5064,NULL
42,Mary,King,mary.king42@email.com,702-341-8319,NULL
43,Jonathan,Nelson,jonathan.nelson43@email.com,213-696-1187,NULL
44,Eric,Wood,eric.wood44@email.com,619-809-4871,NULL
45,Jessica,Bennett,jessica.bennett45@email.com,310-576-6026,NULL
46,Kenneth,Phillips,kenneth.phillips46@email.com,213-806-2923,NULL
47,Nicole,Mitchell,nicole.mitchell47@email.com,408-324-3188,NULL
48,Arturo,Martin,arturo.martin48@email.com,206-865-7121,3
49,Henry,Hughes,henry.hughes49@email.com,206-875-9806,NULL
50,Laura,Ross,laura.ross50@email.com,408-796-2341,NULL
51,Walter,Ortiz,walter.ortiz51@email.com,619-179-2838,NULL
52,Jessica,Peterson,jessica.peterson52@email.com,408-686-9792,NULL
53,Joshua,Perez,joshua.perez53@email.com,619-974-9525,NULL
54,Joan,Anderson,joan.anderson54@email.com,408-834-9008,NULL
55,Lisa,Rogers,lisa.rogers55@email.com,206-928-1911,NULL
56,Peter,Taylor,peter.taylor56@email.com,702-567-1945,NULL
57,Kyle,Gray,kyle.gray57@email.com,213-840-1356,NULL
58,Julie,Allen,julie.allen58@email.com,805-863-4570,NULL
59,Charles,Garcia,charles.garcia59@email.com,702-452-2044,NULL
60,Jessica,Rodriguez,jessica.rodriguez60@email.com,206-132-5703,NULL
61,Jose,White,jose.white61@email.com,415-884-7887,NULL
62,Maria,Carter,maria.carter62@email.com,206-990-7184,NULL
63,Dennis,Hernandez,dennis.hernandez63@email.com,415-769-6697,NULL
64,Donald,Thompson,donald.thompson64@email.com,702-641-3086,NULL
65,Cynthia,Smith,cynthia.smith65@email.com,805-405-8585,NULL
66,Adam,Morgan,adam.morgan66@email.com,702-943-4762,NULL
67,Angela,Collins,angela.collins67@email.com,619-258-5516,10
68,Edward,Castillo,edward.castillo68@email.com,310-132-7868,NULL
69,Robert,Walker,robert.walker69@email.com,408-168-2653,NULL
70,William,Edwards,william.edwards70@email.com,805-350-1724,NULL
71,Aaron,Cruz,aaron.cruz71@email.com,408-652-4559,NULL
72,Joseph,Moore,joseph.moore72@email.com,213-339-6224,NULL
73,Samuel,Walker,samuel.walker73@email.com,213-997-3347,NULL
74,Jeffrey,Evans,jeffrey.evans74@email.com,213-381-1998,NULL
75,Brian,Watson,brian.watson75@email.com,702-669-9120,NULL
76,Richard,Hall,richard.hall76@email.com,702-904-9592,NULL
77,Christine,Hughes,christine.hughes77@email.com,702-518-3444,NULL
78,Scott,Carter,scott.carter78@email.com,415-872-9813,NULL
79,Megan,Walker,megan.walker79@email.com,408-407-3365,NULL
80,Kyle,Davis,kyle.davis80@email.com,702-526-9683,NULL
81,Paul,Roberts,paul.roberts81@email.com,408-361-4331,NULL
82,Gregory,Chavez,gregory.chavez82@email.com,310-560-7079,NULL
83,Lisa,Morgan,lisa.morgan83@email.com,408-152-5398,NULL
84,Dennis,Gray,dennis.gray84@email.com,805-994-2192,NULL
85,Edward,Ross,edward.ross85@email.com,408-590-4422,NULL
86,Rachel,Hill,rachel.hill86@email.com,805-316-4113,NULL
87,Donald,Myers,donald.myers87@email.com,206-348-4350,NULL
88,Julie,Walker,julie.walker88@email.com,619-894-5637,10
89,Heather,Reyes,heather.reyes89@email.com,619-415-5285,NULL
90,Raymond,Rogers,raymond.rogers90@email.com,206-577-2615,NULL
91,Noah,Ross,noah.ross91@email.com,619-308-7073,NULL
92,Benjamin,Evans,benjamin.evans92@email.com,805-676-4625,NULL
93,Donna,Williams,donna.williams93@email.com,213-666-7841,NULL
94,Nicole,Martin,nicole.martin94@email.com,408-437-4768,NULL
95,Heather,Reed,heather.reed95@email.com,408-611-6530,NULL
96,Shirley,Ross,shirley.ross96@email.com,206-840-9037,NULL
97,Olivia,Perez,olivia.perez97@email.com,619-273-3293,NULL
98,Camila,White,camila.white98@email.com,805-636-1554,NULL
99,Karen,Bennett,karen.bennett99@email.com,805-882-1104,NULL
100,Victoria,Moore,victoria.moore100@email.com,408-169-3474,15
101,John,Ramirez,john.ramirez101@email.com,206-482-1990,NULL
102,Sofia,James,sofia.james102@email.com,206-116-1108,NULL
103,Victoria,Johnson,victoria.johnson103@email.com,805-642-5501,NULL
104,Pamela,Williams,pamela.williams104@email.com,702-925-3937,NULL
105,Margaret,Gonzalez,margaret.gonzalez105@email.com,415-346-4144,NULL
106,Nicholas,Rivera,nicholas.rivera106@email.com,213-914-7502,NULL
107,Christopher,Mitchell,christopher.mitchell107@email.com,702-570-4984,NULL
108,Cynthia,Hill,cynthia.hill108@email.com,310-769-1519,NULL
109,Lisa,Phillips,lisa.phillips109@email.com,702-486-8798,NULL
110,Joseph,Brooks,joseph.brooks110@email.com,805-819-3807,NULL
111,Nancy,Murphy,nancy.murphy111@email.com,702-760-6427,NULL
112,Matthew,Ortiz,matthew.ortiz112@email.com,805-335-4463,NULL
113,Megan,Wright,megan.wright113@email.com,805-176-5593,NULL
114,William,Thompson,william.thompson114@email.com,619-116-4394,NULL
115,Andrew,Long,andrew.long115@email.com,702-178-5903,NULL
116,Carol,Reed,carol.reed116@email.com,408-680-7375,NULL
117,Gregory,Roberts,gregory.roberts117@email.com,415-909-2284,NULL
118,Patrick,Miller,patrick.miller118@email.com,310-547-4803,NULL
119,Karen,Baker,karen.baker119@email.com,702-892-6347,NULL
120,Linda,Brooks,linda.brooks120@email.com,213-902-8381,NULL
121,Camila,Robinson,camila.robinson121@email.com,619-666-7150,NULL
122,Nathan,White,nathan.white122@email.com,702-187-5839,NULL
123,Angela,Alvarez,angela.alvarez123@email.com,310-184-5390,NULL
124,Michelle,Carter,michelle.carter124@email.com,415-857-7383,NULL
125,Christine,Campbell,christine.campbell125@email.com,310-193-1085,NULL
126,Brandon,Cruz,brandon.cruz126@email.com,619-879-5419,NULL
127,Anthony,Taylor,anthony.taylor127@email.com,310-291-8061,NULL
128,Walter,Bailey,walter.bailey128@email.com,702-205-1430,NULL
129,Daniel,Rivera,daniel.rivera129@email.com,310-711-6315,NULL
130,Jerry,Johnson,jerry.johnson130@email.com,213-523-7353,25
131,Nancy,Castillo,nancy.castillo131@email.com,408-685-9537,NULL
132,Amanda,Mendoza,amanda.mendoza132@email.com,702-273-3274,NULL
133,Jonathan,Hill,jonathan.hill133@email.com,213-604-3390,NULL
134,Thomas,Perez,thomas.perez134@email.com,702-382-7899,NULL
135,Scott,Morris,scott.morris135@email.com,310-469-5123,NULL
136,Angela,Castillo,angela.castillo136@email.com,206-708-4203,NULL
137,Olivia,Wilson,olivia.wilson137@email.com,415-411-1110,NULL
138,Julie,Nelson,julie.nelson138@email.com,702-923-6399,NULL
139,Zachary,Nelson,zachary.nelson139@email.com,702-935-3230,NULL
140,Scott,Adams,scott.adams140@email.com,408-590-6147,NULL
141,Melissa,Gomez,melissa.gomez141@email.com,619-398-9044,NULL
142,Gary,Adams,gary.adams142@email.com,702-387-7437,NULL
143,Ruth,Anderson,ruth.anderson143@email.com,408-706-9939,NULL
144,George,Mendoza,george.mendoza144@email.com,805-844-8563,NULL
145,Sharon,Cruz,sharon.cruz145@email.com,213-951-2133,NULL
146,Jose,Gray,jose.gray146@email.com,206-242-5961,NULL
147,Kathleen,Allen,kathleen.allen147@email.com,415-832-7932,NULL
148,Dennis,Martinez,dennis.martinez148@email.com,206-712-8851,NULL
149,Aaron,Morgan,aaron.morgan149@email.com,702-656-1602,NULL
150,Raymond,Hughes,raymond.hughes150@email.com,310-211-5067,NULL
151,Frank,Perez,frank.perez151@email.com,805-676-7547,NULL
152,Gregory,Parker,gregory.parker152@email.com,310-110-2615,NULL
153,Eric,Lewis,eric.lewis153@email.com,408-556-7129,NULL
154,Tyler,Reyes,tyler.reyes154@email.com,415-453-1402,NULL
155,Sofia,Wilson,sofia.wilson155@email.com,213-525-2406,NULL
156,Sandra,Sanders,sandra.sanders156@email.com,415-456-6110,NULL
157,Catherine,Collins,catherine.collins157@email.com,408-633-8912,NULL
158,Carolyn,Stewart,carolyn.stewart158@email.com,310-548-8412,NULL
159,Christine,Rodriguez,christine.rodriguez159@email.com,213-145-2885,NULL
160,Jennifer,Baker,jennifer.baker160@email.com,310-793-3692,NULL
161,Gary,Gutierrez,gary.gutierrez161@email.com,415-665-3623,NULL
162,Gregory,Bailey,gregory.bailey162@email.com,702-573-4798,NULL
163,Joyce,Watson,joyce.watson163@email.com,415-290-8080,NULL
164,Julie,Brown,julie.brown164@email.com,408-560-8037,NULL
165,Diane,Smith,diane.smith165@email.com,408-310-5560,NULL
166,Thomas,Kelly,thomas.kelly166@email.com,310-918-9796,NULL
167,Deborah,Campbell,deborah.campbell167@email.com,619-301-8496,NULL
168,Sandra,King,sandra.king168@email.com,206-640-6134,NULL
169,Diane,Ward,diane.ward169@email.com,702-701-2871,NULL
170,Carolyn,Rivera,carolyn.rivera170@email.com,206-732-3826,NULL
171,Scott,Ward,scott.ward171@email.com,310-788-3194,NULL
172,Benjamin,Thomas,benjamin.thomas172@email.com,408-412-2916,NULL
173,George,Mitchell,george.mitchell173@email.com,415-623-7364,NULL
174,Kelly,Kim,kelly.kim174@email.com,415-688-7286,NULL
175,Adam,White,adam.white175@email.com,206-750-9804,NULL
176,Brian,Bailey,brian.bailey176@email.com,415-601-5732,NULL
177,Emily,White,emily.white177@email.com,619-962-8389,NULL
178,Susan,Rivera,susan.rivera178@email.com,805-596-3236,NULL
179,Stephanie,Roberts,stephanie.roberts179@email.com,206-518-9056,NULL
180,Henry,Price,henry.price180@email.com,206-600-3740,NULL
181,Nancy,Reed,nancy.reed181@email.com,805-914-4613,NULL
182,Justin,Jones,justin.jones182@email.com,213-330-9808,NULL
183,Pamela,Perez,pamela.perez183@email.com,206-679-9115,NULL
184,Mark,Kelly,mark.kelly184@email.com,310-374-9898,NULL
185,Ruth,Cooper,ruth.cooper185@email.com,805-878-8231,NULL
186,Laura,Diaz,laura.diaz186@email.com,310-853-5055,NULL
187,Scott,Jones,scott.jones187@email.com,206-369-6711,NULL
188,Daniel,Cruz,daniel.cruz188@email.com,310-894-4882,NULL
189,Sharon,Patel,sharon.patel189@email.com,619-981-8015,NULL
190,Kevin,Ward,kevin.ward190@email.com,415-903-4385,NULL
191,Timothy,Davis,timothy.davis191@email.com,619-645-5605,NULL
192,Amanda,Adams,amanda.adams192@email.com,213-396-5380,NULL
193,Matthew,Moore,matthew.moore193@email.com,702-160-5543,NULL
194,Steven,Hughes,steven.hughes194@email.com,415-355-3396,NULL
195,Samuel,Young,samuel.young195@email.com,702-601-3329,NULL
196,Jonathan,Watson,jonathan.watson196@email.com,702-484-8405,NULL
197,Karen,Brooks,karen.brooks197@email.com,310-512-9447,NULL
198,Anna,Ruiz,anna.ruiz198@email.com,619-565-8996,NULL
199,Debra,Howard,debra.howard199@email.com,805-989-2526,NULL
200,Olivia,Brooks,olivia.brooks200@email.com,619-970-2037,50
201,Julie,Ramirez,julie.ramirez201@email.com,702-944-4470,NULL
202,Miguel,Wright,miguel.wright202@email.com,619-948-5646,NULL
203,Alexander,Peterson,alexander.peterson203@email.com,415-679-8951,NULL
204,Catherine,Mendoza,catherine.mendoza204@email.com,805-147-2631,NULL
205,Olivia,Williams,olivia.williams205@email.com,310-978-3588,NULL
206,Zachary,Collins,zachary.collins206@email.com,805-538-4314,NULL
207,Kimberly,Wood,kimberly.wood207@email.com,213-262-5489,NULL
208,Lisa,Wood,lisa.wood208@email.com,619-356-2350,NULL
209,Maria,Bennett,maria.bennett209@email.com,415-153-7493,NULL
210,Brandon,Castillo,brandon.castillo210@email.com,408-539-2494,NULL
211,Matthew,Smith,matthew.smith211@email.com,408-588-2276,NULL
212,Kimberly,Ramos,kimberly.ramos212@email.com,408-631-8291,NULL
213,John,Johnson,john.johnson213@email.com,619-936-2975,NULL
214,Adam,Ruiz,adam.ruiz214@email.com,415-589-2160,NULL
215,Ryan,Roberts,ryan.roberts215@email.com,310-848-2678,NULL
216,Anthony,Green,anthony.green216@email.com,619-406-3246,NULL
217,Heather,Jimenez,heather.jimenez217@email.com,415-756-3340,NULL
218,Sarah,Ortiz,sarah.ortiz218@email.com,805-724-3688,NULL
219,Zachary,Hall,zachary.hall219@email.com,408-743-3480,NULL
220,Victoria,Ward,victoria.ward220@email.com,206-980-4559,NULL
221,Daniel,Gonzalez,daniel.gonzalez221@email.com,415-870-3017,NULL
222,Jerry,Hall,jerry.hall222@email.com,702-422-3290,NULL
223,Angela,Scott,angela.scott223@email.com,310-354-5668,NULL
224,Michael,James,michael.james224@email.com,213-310-9482,NULL
225,Edward,Myers,edward.myers225@email.com,702-402-1894,NULL
226,Kathleen,Murphy,kathleen.murphy226@email.com,702-215-4949,NULL
227,Valeria,Brooks,valeria.brooks227@email.com,310-640-1197,NULL
228,Raymond,Green,raymond.green228@email.com,415-496-7895,NULL
229,Ruth,Cooper,ruth.cooper229@email.com,415-881-8717,NULL
230,Charles,Williams,charles.williams230@email.com,310-114-5295,NULL
231,Laura,Garcia,laura.garcia231@email.com,805-908-7520,NULL
232,Pamela,Watson,pamela.watson232@email.com,702-533-7590,NULL
233,Nancy,Brooks,nancy.brooks233@email.com,415-384-2369,NULL
234,Katherine,Hernandez,katherine.hernandez234@email.com,408-927-3545,NULL
235,Debra,Gomez,debra.gomez235@email.com,310-417-8167,NULL
236,Kathleen,Davis,kathleen.davis236@email.com,408-188-8118,NULL
237,Sandra,Collins,sandra.collins237@email.com,805-416-3877,NULL
238,Donald,Johnson,donald.johnson238@email.com,415-818-1185,NULL
239,Carol,Murphy,carol.murphy239@email.com,619-635-9474,NULL
240,Eric,Perez,eric.perez240@email.com,619-229-5403,NULL
241,Donald,Foster,donald.foster241@email.com,805-443-8034,NULL
242,Emma,Ortiz,emma.ortiz242@email.com,310-369-2262,NULL
243,Valeria,Collins,valeria.collins243@email.com,619-156-9185,NULL
244,Kevin,Mitchell,kevin.mitchell244@email.com,415-361-2685,NULL
245,Sandra,Robinson,sandra.robinson245@email.com,805-145-1201,NULL
246,Gary,Garcia,gary.garcia246@email.com,206-472-7274,NULL
247,Joshua,Thompson,joshua.thompson247@email.com,805-666-7870,NULL
248,Cynthia,Adams,cynthia.adams248@email.com,408-526-6241,NULL
249,Emma,Martinez,emma.martinez249@email.com,619-222-9225,NULL
250,Susan,Thompson,susan.thompson250@email.com,408-923-9450,NULL
251,Barbara,Phillips,barbara.phillips251@email.com,310-998-8620,NULL
252,Larry,Jimenez,larry.jimenez252@email.com,213-435-2415,NULL
253,Peter,Johnson,peter.johnson253@email.com,619-305-5777,NULL
254,Samantha,Patel,samantha.patel254@email.com,408-575-7033,NULL
255,Miguel,Foster,miguel.foster255@email.com,408-850-9954,NULL
256,Gary,Martin,gary.martin256@email.com,805-519-1391,NULL
257,Amy,Cooper,amy.cooper257@email.com,619-751-1157,NULL
258,Rachel,Smith,rachel.smith258@email.com,702-969-6038,NULL
259,Anthony,Clark,anthony.clark259@email.com,408-529-9061,NULL
260,Jessica,Jackson,jessica.jackson260@email.com,213-195-1719,NULL
261,Amy,Gutierrez,amy.gutierrez261@email.com,702-817-7102,NULL
262,Olivia,Myers,olivia.myers262@email.com,310-694-2565,NULL
263,Paul,Brooks,paul.brooks263@email.com,702-176-2020,NULL
264,Lauren,James,lauren.james264@email.com,415-342-5778,NULL
265,Eric,Green,eric.green265@email.com,702-817-6345,NULL
266,Christine,Edwards,christine.edwards266@email.com,213-339-2223,NULL
267,Rebecca,Moore,rebecca.moore267@email.com,310-259-2731,NULL
268,Kevin,Edwards,kevin.edwards268@email.com,206-421-7660,NULL
269,Donald,Morgan,donald.morgan269@email.com,619-888-4401,NULL
270,Evelyn,Flores,evelyn.flores270@email.com,206-371-2964,NULL
271,Lisa,Lee,lisa.lee271@email.com,213-946-1660,NULL
272,Laura,Adams,laura.adams272@email.com,415-193-5066,NULL
273,Janet,Gomez,janet.gomez273@email.com,805-793-5896,NULL
274,Eric,Thompson,eric.thompson274@email.com,805-514-8408,NULL
275,Angela,Gonzalez,angela.gonzalez275@email.com,206-204-3290,NULL
276,Ashley,Johnson,ashley.johnson276@email.com,805-950-4641,NULL
277,Kimberly,Sanchez,kimberly.sanchez277@email.com,702-481-2376,NULL
278,Eric,Martinez,eric.martinez278@email.com,805-166-4239,NULL
279,Joan,Taylor,joan.taylor279@email.com,310-967-6432,NULL
280,Ashley,Garcia,ashley.garcia280@email.com,206-151-3752,NULL
281,Nathan,Castillo,nathan.castillo281@email.com,702-608-1483,NULL
282,Heather,Mendoza,heather.mendoza282@email.com,702-276-6799,NULL
283,Jason,White,jason.white283@email.com,213-386-8307,NULL
284,Joshua,Jones,joshua.jones284@email.com,408-762-5835,NULL
285,Valeria,Evans,valeria.evans285@email.com,206-162-2437,NULL
286,Anna,Roberts,anna.roberts286@email.com,415-529-4267,NULL
287,Angela,Watson,angela.watson287@email.com,805-491-6883,NULL
288,Arturo,Cooper,arturo.cooper288@email.com,206-452-9231,NULL
289,Samuel,Roberts,samuel.roberts289@email.com,213-284-1427,NULL
290,Christine,Kim,christine.kim290@email.com,408-130-5602,NULL
291,Joseph,Stewart,joseph.stewart291@email.com,619-885-4813,NULL
292,Kenneth,Gonzalez,kenneth.gonzalez292@email.com,408-772-4951,NULL
293,Jonathan,Morgan,jonathan.morgan293@email.com,805-882-4594,NULL
294,Diane,Rivera,diane.rivera294@email.com,415-280-4875,NULL
295,Christine,Patel,christine.patel295@email.com,619-705-1462,NULL
296,Frank,Reed,frank.reed296@email.com,415-676-4084,NULL
297,Miguel,Cooper,miguel.cooper297@email.com,213-279-9035,NULL
298,Elizabeth,Lopez,elizabeth.lopez298@email.com,805-338-4584,NULL
299,Jennifer,Ortiz,jennifer.ortiz299@email.com,206-100-6435,NULL
300,Rebecca,Taylor,rebecca.taylor300@email.com,619-834-3907,NULL
301,Samuel,Davis,samuel.davis301@email.com,805-251-3320,NULL
302,Mark,Ortiz,mark.ortiz302@email.com,619-174-7120,NULL
303,Julie,Ramos,julie.ramos303@email.com,310-444-5944,NULL
304,Samuel,Moore,samuel.moore304@email.com,415-849-8157,NULL
305,Diego,Wood,diego.wood305@email.com,619-278-6846,NULL
306,Cynthia,Bennett,cynthia.bennett306@email.com,415-487-6026,NULL
307,Nicole,Taylor,nicole.taylor307@email.com,415-846-1029,NULL
308,Tyler,Foster,tyler.foster308@email.com,805-286-6213,NULL
309,Jeffrey,Brooks,jeffrey.brooks309@email.com,310-608-3304,NULL
310,Gregory,Myers,gregory.myers310@email.com,310-343-6682,NULL
311,Christine,Perez,christine.perez311@email.com,310-941-6500,NULL
312,Walter,Johnson,walter.johnson312@email.com,213-314-5088,NULL
313,Sarah,Hall,sarah.hall313@email.com,213-905-2770,NULL
314,James,Miller,james.miller314@email.com,702-548-7875,NULL
315,Kevin,Evans,kevin.evans315@email.com,206-487-6754,NULL
316,Dennis,Gonzalez,dennis.gonzalez316@email.com,206-907-4695,NULL
317,Carol,Edwards,carol.edwards317@email.com,310-918-1547,NULL
318,Nicole,Williams,nicole.williams318@email.com,619-367-2715,NULL
319,Charles,Baker,charles.baker319@email.com,415-484-3636,NULL
320,Karen,Peterson,karen.peterson320@email.com,310-446-8909,NULL
321,Linda,Parker,linda.parker321@email.com,415-721-8113,NULL
322,Kenneth,Miller,kenneth.miller322@email.com,310-439-4367,NULL
323,Edward,Evans,edward.evans323@email.com,213-776-5612,NULL
324,Scott,Walker,scott.walker324@email.com,310-150-7437,NULL
325,Camila,Martin,camila.martin325@email.com,805-469-1062,NULL
326,Christina,Lopez,christina.lopez326@email.com,213-943-8869,NULL
327,Rebecca,Gonzalez,rebecca.gonzalez327@email.com,805-311-3798,NULL
328,Justin,Hernandez,justin.hernandez328@email.com,206-964-2892,NULL
329,Brandon,Gomez,brandon.gomez329@email.com,206-600-5341,NULL
330,Lisa,Chavez,lisa.chavez330@email.com,702-289-7078,NULL
331,Heather,Mitchell,heather.mitchell331@email.com,415-556-1731,NULL
332,Brenda,Cruz,brenda.cruz332@email.com,206-369-4706,NULL
333,Jonathan,Reed,jonathan.reed333@email.com,805-254-2584,NULL
334,Nancy,Bennett,nancy.bennett334@email.com,619-927-9871,NULL
335,Victoria,Long,victoria.long335@email.com,408-666-1999,NULL
336,Diane,Gutierrez,diane.gutierrez336@email.com,702-648-8779,NULL
337,Jacob,Stewart,jacob.stewart337@email.com,213-180-7468,NULL
338,William,Cook,william.cook338@email.com,415-223-8357,NULL
339,Brian,Perez,brian.perez339@email.com,408-927-4157,NULL
340,Steven,Garcia,steven.garcia340@email.com,702-180-8133,NULL
341,Rebecca,Watson,rebecca.watson341@email.com,415-954-5225,NULL
342,Christine,Sanders,christine.sanders342@email.com,310-189-7358,NULL
343,Julie,Peterson,julie.peterson343@email.com,619-977-5525,NULL
344,Olivia,Johnson,olivia.johnson344@email.com,702-215-7790,NULL
345,Joshua,Jackson,joshua.jackson345@email.com,310-208-2654,NULL
346,Pamela,Morgan,pamela.morgan346@email.com,619-998-7732,NULL
347,Brenda,Roberts,brenda.roberts347@email.com,206-685-8750,NULL
348,Elizabeth,Thompson,elizabeth.thompson348@email.com,213-512-3356,NULL
349,Aaron,Jones,aaron.jones349@email.com,702-439-4892,NULL
350,Richard,Myers,richard.myers350@email.com,206-375-7102,NULL
351,Jennifer,Baker,jennifer.baker351@email.com,213-418-5593,NULL
352,Camila,Hughes,camila.hughes352@email.com,310-989-4734,NULL
353,Paul,Hill,paul.hill353@email.com,206-892-6257,NULL
354,Jonathan,Sanders,jonathan.sanders354@email.com,702-719-2462,NULL
355,Edward,Cruz,edward.cruz355@email.com,408-943-7671,NULL
356,Diego,Ross,diego.ross356@email.com,619-940-1920,NULL
357,Kenneth,Rodriguez,kenneth.rodriguez357@email.com,213-826-9303,NULL
358,Joyce,Moore,joyce.moore358@email.com,805-277-4158,NULL
359,Rebecca,Davis,rebecca.davis359@email.com,408-133-8478,NULL
360,Richard,Campbell,richard.campbell360@email.com,408-380-7035,NULL
361,Kyle,Cook,kyle.cook361@email.com,702-750-3029,NULL
362,Linda,Walker,linda.walker362@email.com,619-600-8308,NULL
363,Melissa,Stewart,melissa.stewart363@email.com,619-452-3679,NULL
364,Eric,Myers,eric.myers364@email.com,310-391-1449,NULL
365,Jerry,Miller,jerry.miller365@email.com,415-974-4511,NULL
366,Jeffrey,Chavez,jeffrey.chavez366@email.com,408-793-4387,NULL
367,Jonathan,Wood,jonathan.wood367@email.com,702-625-1328,NULL
368,John,Stewart,john.stewart368@email.com,415-762-3837,NULL
369,John,Lewis,john.lewis369@email.com,213-722-6004,NULL
370,Stephen,Diaz,stephen.diaz370@email.com,702-972-6713,NULL
371,Olivia,Allen,olivia.allen371@email.com,408-577-5950,NULL
372,Julie,Howard,julie.howard372@email.com,310-107-9380,NULL
373,Maria,Bailey,maria.bailey373@email.com,213-405-2771,NULL
374,Sofia,Rodriguez,sofia.rodriguez374@email.com,619-383-6327,NULL
375,Stephen,King,stephen.king375@email.com,213-292-3456,NULL
376,Kathleen,Davis,kathleen.davis376@email.com,702-776-6236,NULL
377,Emily,Castillo,emily.castillo377@email.com,805-771-9148,NULL
378,Nicole,King,nicole.king378@email.com,702-514-7361,NULL
379,Elizabeth,Howard,elizabeth.howard379@email.com,408-451-4643,NULL
380,Megan,Bennett,megan.bennett380@email.com,619-619-5918,NULL
381,Amanda,James,amanda.james381@email.com,415-400-2599,NULL
382,Noah,Taylor,noah.taylor382@email.com,213-842-3999,NULL
383,Rachel,Wood,rachel.wood383@email.com,310-327-6820,NULL
384,Cynthia,Myers,cynthia.myers384@email.com,213-530-6428,NULL
385,Maria,King,maria.king385@email.com,213-574-2929,NULL
386,Noah,Miller,noah.miller386@email.com,310-583-4187,NULL
387,Donald,Mendoza,donald.mendoza387@email.com,702-642-5888,NULL
388,Victoria,Miller,victoria.miller388@email.com,415-240-4281,NULL
389,Catherine,Evans,catherine.evans389@email.com,206-246-6183,NULL
390,George,Jimenez,george.jimenez390@email.com,310-599-6449,NULL
391,Melissa,Green,melissa.green391@email.com,805-104-8406,NULL
392,Stephen,Clark,stephen.clark392@email.com,415-690-3595,NULL
393,Camila,Ross,camila.ross393@email.com,310-232-8105,NULL
394,Christina,Phillips,christina.phillips394@email.com,702-588-7280,NULL
395,Mary,Jones,mary.jones395@email.com,408-848-7112,NULL
396,Patricia,Adams,patricia.adams396@email.com,408-118-1067,NULL
397,Angela,Lewis,angela.lewis397@email.com,619-419-3112,NULL
398,Anthony,Roberts,anthony.roberts398@email.com,213-271-2069,NULL
399,Barbara,Hill,barbara.hill399@email.com,213-566-9524,NULL
400,Alexander,Parker,alexander.parker400@email.com,415-450-9031,NULL
401,Janet,Long,janet.long401@email.com,408-268-7609,NULL
402,Robert,Robinson,robert.robinson402@email.com,408-844-3149,NULL
403,Jason,Sanders,jason.sanders403@email.com,805-703-9267,NULL
404,Amanda,Thomas,amanda.thomas404@email.com,619-828-1612,NULL
405,Dennis,Brooks,dennis.brooks405@email.com,213-889-9761,NULL
406,Richard,Kim,richard.kim406@email.com,805-777-2771,NULL
407,Jennifer,Miller,jennifer.miller407@email.com,310-526-8279,NULL
408,Heather,Thomas,heather.thomas408@email.com,213-585-3508,NULL
409,Timothy,Ruiz,timothy.ruiz409@email.com,805-408-7895,NULL
410,Betty,James,betty.james410@email.com,213-737-3247,NULL
411,Kelly,Wilson,kelly.wilson411@email.com,310-389-2867,NULL
412,Margaret,Murphy,margaret.murphy412@email.com,408-723-4272,NULL
413,Brenda,Gutierrez,brenda.gutierrez413@email.com,408-466-7713,NULL
414,Nicole,Lee,nicole.lee414@email.com,805-661-9132,NULL
415,Sharon,Ruiz,sharon.ruiz415@email.com,206-438-4842,NULL
416,James,Johnson,james.johnson416@email.com,310-213-9095,NULL
417,Joshua,Lopez,joshua.lopez417@email.com,310-840-2659,NULL
418,Shirley,Chavez,shirley.chavez418@email.com,408-567-5850,NULL
419,Brenda,Reyes,brenda.reyes419@email.com,805-202-3862,NULL
420,David,Nguyen,david.nguyen420@email.com,619-920-6123,NULL
421,Christina,Patel,christina.patel421@email.com,310-197-1751,NULL
422,John,Moore,john.moore422@email.com,415-436-6857,NULL
423,Zachary,Richardson,zachary.richardson423@email.com,213-999-2522,NULL
424,Maria,Baker,maria.baker424@email.com,415-216-7566,NULL
425,Aaron,Collins,aaron.collins425@email.com,213-955-7319,NULL
426,Arturo,Turner,arturo.turner426@email.com,415-215-3171,NULL
427,Jessica,Lee,jessica.lee427@email.com,310-526-8908,NULL
428,Zachary,White,zachary.white428@email.com,702-897-6875,NULL
429,Linda,Mendoza,linda.mendoza429@email.com,415-594-8997,NULL
430,Mark,Evans,mark.evans430@email.com,206-147-2037,NULL
431,Eric,Wood,eric.wood431@email.com,619-112-9598,NULL
432,Cynthia,Bennett,cynthia.bennett432@email.com,619-631-9570,NULL
433,Matthew,Parker,matthew.parker433@email.com,408-593-6664,NULL
434,Jerry,Martin,jerry.martin434@email.com,805-111-3571,NULL
435,Noah,Murphy,noah.murphy435@email.com,415-176-9055,NULL
436,Samuel,Walker,samuel.walker436@email.com,619-384-1824,NULL
437,Cynthia,Peterson,cynthia.peterson437@email.com,702-512-4850,NULL
438,Christopher,Collins,christopher.collins438@email.com,206-920-8341,NULL
439,Daniel,Murphy,daniel.murphy439@email.com,206-423-2944,NULL
440,Valeria,Myers,valeria.myers440@email.com,805-205-7609,NULL
441,Victoria,Jones,victoria.jones441@email.com,805-945-2489,NULL
442,Samantha,Rogers,samantha.rogers442@email.com,408-770-8474,NULL
443,Catherine,Campbell,catherine.campbell443@email.com,805-936-4652,NULL
444,Peter,Nelson,peter.nelson444@email.com,206-833-6952,NULL
445,Evelyn,Anderson,evelyn.anderson445@email.com,310-877-4633,NULL
446,James,Baker,james.baker446@email.com,619-949-5783,NULL
447,Maria,Hughes,maria.hughes447@email.com,310-146-3689,NULL
448,Miguel,Moore,miguel.moore448@email.com,702-209-5166,NULL
449,Ronald,Harris,ronald.harris449@email.com,310-972-7437,NULL
450,Laura,Collins,laura.collins450@email.com,408-833-6536,NULL
451,Margaret,Long,margaret.long451@email.com,702-147-3018,NULL
452,Evelyn,Collins,evelyn.collins452@email.com,415-610-1071,NULL
453,Richard,Peterson,richard.peterson453@email.com,702-958-8912,NULL
454,Melissa,Ruiz,melissa.ruiz454@email.com,415-848-3103,NULL
455,Anthony,Roberts,anthony.roberts455@email.com,619-616-7302,NULL
456,Kelly,Cox,kelly.cox456@email.com,408-380-7518,NULL
457,Catherine,Nguyen,catherine.nguyen457@email.com,206-924-3185,NULL
458,Emily,Evans,emily.evans458@email.com,213-963-9975,NULL
459,Benjamin,Alvarez,benjamin.alvarez459@email.com,408-305-4435,NULL
460,Justin,Mendoza,justin.mendoza460@email.com,619-788-3173,NULL
461,Melissa,Cook,melissa.cook461@email.com,619-827-2890,NULL
462,Frank,Bailey,frank.bailey462@email.com,206-696-7839,NULL
463,Pamela,Diaz,pamela.diaz463@email.com,805-635-2744,NULL
464,Michael,Carter,michael.carter464@email.com,415-154-1927,NULL
465,Rebecca,Wright,rebecca.wright465@email.com,415-393-5105,NULL
466,Donna,Davis,donna.davis466@email.com,213-308-9866,NULL
467,William,Rivera,william.rivera467@email.com,206-204-4675,NULL
468,Diane,Walker,diane.walker468@email.com,213-809-1769,NULL
469,Heather,Roberts,heather.roberts469@email.com,702-907-6122,NULL
470,Susan,Johnson,susan.johnson470@email.com,213-307-8259,NULL
471,Cynthia,Brooks,cynthia.brooks471@email.com,619-873-9955,NULL
472,Ronald,Jimenez,ronald.jimenez472@email.com,408-401-8353,NULL
473,Melissa,Mendoza,melissa.mendoza473@email.com,310-291-3847,NULL
474,Donald,Carter,donald.carter474@email.com,805-538-5572,NULL
475,Brenda,Taylor,brenda.taylor475@email.com,415-698-5178,NULL
476,Mary,Nelson,mary.nelson476@email.com,206-826-3536,NULL
477,David,Martin,david.martin477@email.com,619-711-1833,NULL
478,Samantha,Morales,samantha.morales478@email.com,619-174-6207,NULL
479,Jeffrey,White,jeffrey.white479@email.com,310-905-9276,NULL
480,Kenneth,Turner,kenneth.turner480@email.com,702-194-6724,NULL
481,Jeffrey,Ramirez,jeffrey.ramirez481@email.com,619-439-6911,NULL
482,Nicole,Ramirez,nicole.ramirez482@email.com,206-674-1144,NULL
483,Sandra,Bennett,sandra.bennett483@email.com,619-556-4937,NULL
484,Gary,Garcia,gary.garcia484@email.com,619-490-2857,NULL
485,Jerry,Allen,jerry.allen485@email.com,213-125-9468,NULL
486,Maria,Rogers,maria.rogers486@email.com,206-598-1718,NULL
487,Nicole,Wood,nicole.wood487@email.com,408-428-9419,NULL
488,Nancy,Gonzalez,nancy.gonzalez488@email.com,415-891-9814,NULL
489,Mary,Watson,mary.watson489@email.com,310-315-4492,NULL
490,Adam,Wilson,adam.wilson490@email.com,408-650-8130,NULL
491,Charles,Myers,charles.myers491@email.com,415-124-8523,NULL
492,Gregory,Jones,gregory.jones492@email.com,310-175-1889,NULL
493,Melissa,Allen,melissa.allen493@email.com,310-688-4729,NULL
494,Eric,Evans,eric.evans494@email.com,702-561-7626,NULL
495,Nathan,Green,nathan.green495@email.com,805-498-2938,NULL
496,Mary,Chavez,mary.chavez496@email.com,310-874-1745,NULL
497,Charles,Rivera,charles.rivera497@email.com,310-396-5937,NULL
498,Daniel,Torres,daniel.torres498@email.com,206-490-7473,NULL
499,Linda,Stewart,linda.stewart499@email.com,415-646-4602,NULL
500,Paul,Myers,paul.myers500@email.com,702-915-9941,NULL
501,Nicole,Brooks,nicole.brooks501@email.com,415-405-7113,NULL
502,John,Peterson,john.peterson502@email.com,415-226-1684,NULL
503,Mary,Kelly,mary.kelly503@email.com,702-650-9970,NULL
504,Nancy,Flores,nancy.flores504@email.com,408-866-6633,NULL
505,Jason,Evans,jason.evans505@email.com,415-264-4014,NULL
506,Jeffrey,Ward,jeffrey.ward506@email.com,213-298-2877,NULL
507,George,Bennett,george.bennett507@email.com,805-971-9992,NULL
508,Kyle,Chavez,kyle.chavez508@email.com,310-397-2103,NULL
509,Nicholas,Gonzalez,nicholas.gonzalez509@email.com,408-843-8982,NULL
510,Gregory,Rivera,gregory.rivera510@email.com,415-787-4842,NULL
511,Betty,Torres,betty.torres511@email.com,310-298-6206,NULL
512,Diego,Edwards,diego.edwards512@email.com,619-731-6008,NULL
513,Michelle,Reed,michelle.reed513@email.com,619-927-6182,NULL
514,Christina,Perez,christina.perez514@email.com,805-420-5033,NULL
515,Jeffrey,Alvarez,jeffrey.alvarez515@email.com,702-383-6889,NULL
516,Paul,Gray,paul.gray516@email.com,619-998-8863,NULL
517,Kyle,Edwards,kyle.edwards517@email.com,619-893-6004,NULL
518,Diego,Peterson,diego.peterson518@email.com,310-279-2343,NULL
519,Anna,Moore,anna.moore519@email.com,408-369-2252,NULL
520,Karen,Williams,karen.williams520@email.com,805-932-7637,NULL
521,Jason,Jones,jason.jones521@email.com,213-656-9842,NULL
522,Noah,Wood,noah.wood522@email.com,415-474-7430,NULL
523,Cynthia,Foster,cynthia.foster523@email.com,213-237-8613,NULL
524,Lisa,Gomez,lisa.gomez524@email.com,619-614-1173,NULL
525,Kathleen,Ward,kathleen.ward525@email.com,415-875-9423,NULL
526,Emily,Edwards,emily.edwards526@email.com,415-283-3395,NULL
527,Sofia,Rivera,sofia.rivera527@email.com,805-324-8989,NULL
528,Amy,Rodriguez,amy.rodriguez528@email.com,213-478-4834,NULL
529,David,Bennett,david.bennett529@email.com,408-630-6918,NULL
530,Diane,Stewart,diane.stewart530@email.com,206-147-1653,NULL
531,Samuel,Wilson,samuel.wilson531@email.com,213-954-5314,NULL
532,Brian,Carter,brian.carter532@email.com,702-474-2275,NULL
533,Nicholas,Carter,nicholas.carter533@email.com,408-628-7649,NULL
534,Frank,Hall,frank.hall534@email.com,206-911-8898,NULL
535,Mary,Cook,mary.cook535@email.com,415-550-3713,NULL
536,Ryan,Martinez,ryan.martinez536@email.com,213-316-3461,NULL
537,Deborah,Lee,deborah.lee537@email.com,619-716-2938,NULL
538,Ryan,Turner,ryan.turner538@email.com,619-837-2856,NULL
539,Sofia,Gray,sofia.gray539@email.com,206-590-4452,NULL
540,Carol,Chavez,carol.chavez540@email.com,702-122-4992,NULL
541,Barbara,Taylor,barbara.taylor541@email.com,415-237-9399,NULL
542,David,Kelly,david.kelly542@email.com,415-157-3725,NULL
543,Eric,White,eric.white543@email.com,702-713-1305,NULL
544,Larry,Hernandez,larry.hernandez544@email.com,408-559-8723,NULL
545,Sofia,Perez,sofia.perez545@email.com,408-950-7730,NULL
546,Andrew,Howard,andrew.howard546@email.com,415-738-9369,NULL
547,Brenda,Perez,brenda.perez547@email.com,619-564-2127,NULL
548,Ryan,Carter,ryan.carter548@email.com,702-235-2778,NULL
549,Robert,Sanchez,robert.sanchez549@email.com,702-946-3450,NULL
550,Matthew,Thompson,matthew.thompson550@email.com,206-729-1639,NULL
551,Donald,Lopez,donald.lopez551@email.com,206-775-3135,NULL
552,James,Jimenez,james.jimenez552@email.com,702-634-7892,NULL
553,Jack,Garcia,jack.garcia553@email.com,702-334-8899,NULL
554,Heather,Hall,heather.hall554@email.com,310-535-3193,NULL
555,Shirley,Morris,shirley.morris555@email.com,408-979-2373,NULL
556,Larry,Kim,larry.kim556@email.com,702-363-4096,NULL
557,Mary,Price,mary.price557@email.com,805-691-9561,NULL
558,Donald,Gutierrez,donald.gutierrez558@email.com,805-484-4365,NULL
559,Benjamin,Evans,benjamin.evans559@email.com,619-209-3535,NULL
560,Christina,Wood,christina.wood560@email.com,213-367-9783,NULL
561,Adam,Reed,adam.reed561@email.com,619-726-5514,NULL
562,Julie,Long,julie.long562@email.com,408-523-8904,NULL
563,Melissa,Mitchell,melissa.mitchell563@email.com,206-359-6024,NULL
564,Patrick,Jimenez,patrick.jimenez564@email.com,702-853-3262,NULL
565,Donald,Myers,donald.myers565@email.com,408-557-3650,NULL
566,Betty,Ramirez,betty.ramirez566@email.com,702-904-6544,NULL
567,Susan,Lee,susan.lee567@email.com,702-751-1086,NULL
568,Lisa,Jackson,lisa.jackson568@email.com,206-714-8133,NULL
569,Daniel,Rodriguez,daniel.rodriguez569@email.com,213-327-7075,NULL
570,Christopher,Cox,christopher.cox570@email.com,805-841-7296,NULL
571,Aaron,Ward,aaron.ward571@email.com,213-828-1941,NULL
572,Brian,Brooks,brian.brooks572@email.com,206-549-1175,NULL
573,Rebecca,James,rebecca.james573@email.com,213-299-1550,NULL
574,Amy,Ward,amy.ward574@email.com,415-790-1590,NULL
575,Raymond,Walker,raymond.walker575@email.com,805-261-2422,NULL
576,Stephen,Jimenez,stephen.jimenez576@email.com,702-461-7474,NULL
577,Joyce,Ramos,joyce.ramos577@email.com,408-630-1251,NULL
578,Sarah,Lopez,sarah.lopez578@email.com,213-843-6703,NULL
579,Patrick,Scott,patrick.scott579@email.com,408-720-4187,NULL
580,Peter,Phillips,peter.phillips580@email.com,805-367-3867,NULL
581,Jose,Cook,jose.cook581@email.com,310-672-2185,NULL
582,Nicole,Baker,nicole.baker582@email.com,310-922-9409,NULL
583,Shirley,Morgan,shirley.morgan583@email.com,213-810-8254,NULL
584,Dennis,Reed,dennis.reed584@email.com,206-888-4985,NULL
585,Alexander,Jimenez,alexander.jimenez585@email.com,206-797-8548,NULL
586,Linda,Morris,linda.morris586@email.com,310-364-2106,NULL
587,Heather,Brooks,heather.brooks587@email.com,408-793-4767,NULL
588,Benjamin,Evans,benjamin.evans588@email.com,619-628-9776,NULL
589,John,Hughes,john.hughes589@email.com,213-354-5706,NULL
590,Lisa,Phillips,lisa.phillips590@email.com,619-177-3924,NULL
591,Megan,Green,megan.green591@email.com,619-323-5408,NULL
592,George,Myers,george.myers592@email.com,408-610-4271,NULL
593,Jacob,Patel,jacob.patel593@email.com,408-993-5348,NULL
594,Timothy,Robinson,timothy.robinson594@email.com,408-954-5091,NULL
595,Janet,Martin,janet.martin595@email.com,310-222-2285,NULL
596,Miguel,Ward,miguel.ward596@email.com,805-882-9871,NULL
597,David,Morris,david.morris597@email.com,619-735-6167,NULL
598,Miguel,Kelly,miguel.kelly598@email.com,213-602-3996,NULL
599,Anna,Gomez,anna.gomez599@email.com,408-868-3101,NULL
600,Susan,Ortiz,susan.ortiz600@email.com,702-589-9859,NULL
601,William,Cook,william.cook601@email.com,619-503-3863,NULL
602,Olivia,Thomas,olivia.thomas602@email.com,206-423-1137,NULL
603,Patricia,Gray,patricia.gray603@email.com,408-488-2650,NULL
604,Debra,Campbell,debra.campbell604@email.com,213-291-9987,NULL
605,Brenda,Walker,brenda.walker605@email.com,213-582-6621,NULL
606,Ruth,White,ruth.white606@email.com,206-534-4449,NULL
607,Kelly,Hughes,kelly.hughes607@email.com,619-473-7563,NULL
608,Anna,Edwards,anna.edwards608@email.com,415-685-3148,NULL
609,Ryan,Gonzalez,ryan.gonzalez609@email.com,213-923-4863,NULL
610,Nathan,Carter,nathan.carter610@email.com,408-249-3450,NULL
611,Megan,Johnson,megan.johnson611@email.com,415-531-9185,NULL
612,Paul,Watson,paul.watson612@email.com,619-904-8972,NULL
613,Scott,Allen,scott.allen613@email.com,805-507-2621,NULL
614,Carol,Davis,carol.davis614@email.com,408-933-5166,NULL
615,Megan,Watson,megan.watson615@email.com,310-560-6483,NULL
616,Eric,Campbell,eric.campbell616@email.com,619-673-5222,NULL
617,Patrick,Williams,patrick.williams617@email.com,702-224-6752,NULL
618,Ronald,Kelly,ronald.kelly618@email.com,415-899-5663,NULL
619,Frank,Adams,frank.adams619@email.com,206-893-8322,NULL
620,Christopher,Carter,christopher.carter620@email.com,213-574-3373,NULL
621,Kevin,Brooks,kevin.brooks621@email.com,619-531-7631,NULL
622,Charles,Hernandez,charles.hernandez622@email.com,415-451-4739,NULL
623,Benjamin,Green,benjamin.green623@email.com,213-827-5382,NULL
624,Julie,Wright,julie.wright624@email.com,206-899-6950,NULL
625,Evelyn,Evans,evelyn.evans625@email.com,415-288-1378,NULL
626,Steven,Sanders,steven.sanders626@email.com,408-777-5122,NULL
627,Christopher,Clark,christopher.clark627@email.com,415-506-2687,NULL
628,Matthew,Rodriguez,matthew.rodriguez628@email.com,206-661-1881,NULL
629,Michael,Foster,michael.foster629@email.com,702-636-2363,NULL
630,Anthony,King,anthony.king630@email.com,415-186-7387,NULL
631,Katherine,Robinson,katherine.robinson631@email.com,408-855-5655,NULL
632,Joan,Watson,joan.watson632@email.com,415-234-9630,NULL
633,Amanda,Brown,amanda.brown633@email.com,805-779-6846,NULL
634,Debra,Stewart,debra.stewart634@email.com,206-991-9856,NULL
635,Emma,Peterson,emma.peterson635@email.com,206-238-9835,NULL
636,Melissa,Ramos,melissa.ramos636@email.com,206-746-8126,NULL
637,Katherine,Hall,katherine.hall637@email.com,206-652-4721,NULL
638,Daniel,Cruz,daniel.cruz638@email.com,213-474-7753,NULL
639,Eric,Martin,eric.martin639@email.com,213-110-1001,NULL
640,Paul,Hall,paul.hall640@email.com,213-580-9767,NULL
641,John,Ruiz,john.ruiz641@email.com,206-873-8816,NULL
642,Scott,Johnson,scott.johnson642@email.com,702-917-5799,NULL
643,Amy,Smith,amy.smith643@email.com,619-293-7745,NULL
644,Lauren,Gomez,lauren.gomez644@email.com,408-267-7385,NULL
645,Dennis,Lewis,dennis.lewis645@email.com,213-181-7917,NULL
646,Kathleen,Gutierrez,kathleen.gutierrez646@email.com,213-391-9715,NULL
647,Jonathan,Evans,jonathan.evans647@email.com,408-973-2121,NULL
648,George,Moore,george.moore648@email.com,213-213-8460,NULL
649,Evelyn,Wright,evelyn.wright649@email.com,206-292-6253,NULL
650,Robert,Martin,robert.martin650@email.com,805-647-1362,NULL
651,Deborah,Wilson,deborah.wilson651@email.com,213-375-3048,NULL
652,Zachary,Sanders,zachary.sanders652@email.com,805-338-2477,NULL
653,Joshua,Johnson,joshua.johnson653@email.com,206-322-6601,NULL
654,Kelly,Flores,kelly.flores654@email.com,206-480-8597,NULL
655,William,Nelson,william.nelson655@email.com,310-963-3393,NULL
656,Joseph,Wright,joseph.wright656@email.com,702-173-9899,NULL
657,Noah,White,noah.white657@email.com,408-961-5097,NULL
658,Heather,Johnson,heather.johnson658@email.com,310-886-5078,NULL
659,Jerry,Foster,jerry.foster659@email.com,206-353-1549,NULL
660,Ronald,Collins,ronald.collins660@email.com,310-633-4415,NULL
661,Megan,Roberts,megan.roberts661@email.com,213-430-3598,NULL
662,David,Myers,david.myers662@email.com,310-359-8884,NULL
663,Scott,Sanchez,scott.sanchez663@email.com,619-153-4568,NULL
664,Mark,Walker,mark.walker664@email.com,702-432-1246,NULL
665,Kevin,Scott,kevin.scott665@email.com,310-505-4982,NULL
666,John,Garcia,john.garcia666@email.com,206-804-3539,NULL
667,Maria,Foster,maria.foster667@email.com,310-354-3583,NULL
668,Valeria,Lopez,valeria.lopez668@email.com,619-877-1983,NULL
669,Jessica,Rivera,jessica.rivera669@email.com,415-818-9787,NULL
670,Margaret,Taylor,margaret.taylor670@email.com,206-338-6189,NULL
671,Patrick,Cruz,patrick.cruz671@email.com,408-121-7189,NULL
672,Janet,Castillo,janet.castillo672@email.com,415-356-1646,NULL
673,Diego,Price,diego.price673@email.com,206-672-5828,NULL
674,Camila,Harris,camila.harris674@email.com,415-656-6696,NULL
675,Samuel,Sanders,samuel.sanders675@email.com,206-381-3627,NULL
676,Sarah,Ortiz,sarah.ortiz676@email.com,415-560-5844,NULL
677,Brenda,Cooper,brenda.cooper677@email.com,619-564-1011,NULL
678,Heather,Sanders,heather.sanders678@email.com,415-119-6965,NULL
679,Kathleen,Adams,kathleen.adams679@email.com,310-774-9830,NULL
680,Diane,Harris,diane.harris680@email.com,206-884-3525,NULL
681,Larry,Adams,larry.adams681@email.com,702-756-6276,NULL
682,Mark,Gonzalez,mark.gonzalez682@email.com,310-144-3126,NULL
683,Melissa,Jones,melissa.jones683@email.com,408-209-8952,NULL
684,Stephanie,Gonzalez,stephanie.gonzalez684@email.com,805-684-7366,NULL
685,Camila,Ortiz,camila.ortiz685@email.com,213-150-7002,NULL
686,Jeffrey,Cox,jeffrey.cox686@email.com,310-113-4419,NULL
687,Camila,Hernandez,camila.hernandez687@email.com,206-920-1994,NULL
688,Raymond,Bailey,raymond.bailey688@email.com,702-941-7046,NULL
689,Joseph,Ward,joseph.ward689@email.com,213-641-1666,NULL
690,Charles,Hill,charles.hill690@email.com,310-321-9511,NULL
691,Matthew,Gonzalez,matthew.gonzalez691@email.com,408-644-7313,NULL
692,Edward,Harris,edward.harris692@email.com,408-683-3931,NULL
693,Henry,Myers,henry.myers693@email.com,310-884-6864,NULL
694,Olivia,Hughes,olivia.hughes694@email.com,702-206-3733,NULL
695,George,Peterson,george.peterson695@email.com,702-616-6529,NULL
696,Kenneth,Morgan,kenneth.morgan696@email.com,206-460-6163,NULL
697,Debra,Mitchell,debra.mitchell697@email.com,702-882-8054,NULL
698,Samuel,Cox,samuel.cox698@email.com,408-676-9939,NULL
699,Jason,Carter,jason.carter699@email.com,213-468-8412,NULL
700,Walter,Gomez,walter.gomez700@email.com,805-843-1567,NULL
701,Larry,Kim,larry.kim701@email.com,805-630-3213,NULL
702,Samantha,Smith,samantha.smith702@email.com,213-327-4519,NULL
703,Benjamin,Williams,benjamin.williams703@email.com,213-666-9376,NULL
704,Michelle,Gonzalez,michelle.gonzalez704@email.com,805-571-6827,NULL
705,Michelle,Moore,michelle.moore705@email.com,213-475-5093,NULL
706,Amy,Allen,amy.allen706@email.com,213-194-7550,NULL
707,Laura,Sanders,laura.sanders707@email.com,310-840-6319,NULL
708,Sofia,Thompson,sofia.thompson708@email.com,206-945-2562,NULL
709,Scott,Jones,scott.jones709@email.com,702-180-1916,NULL
710,Rachel,Hall,rachel.hall710@email.com,702-526-2974,NULL
711,Ryan,Myers,ryan.myers711@email.com,805-749-7266,NULL
712,Susan,Flores,susan.flores712@email.com,805-426-9846,NULL
713,Joshua,Adams,joshua.adams713@email.com,408-256-1827,NULL
714,Tyler,Edwards,tyler.edwards714@email.com,310-327-8076,NULL
715,Justin,Gomez,justin.gomez715@email.com,415-235-6507,NULL
716,Nancy,Stewart,nancy.stewart716@email.com,805-661-7540,NULL
717,Brenda,Hernandez,brenda.hernandez717@email.com,702-613-8118,NULL
718,Kimberly,Ross,kimberly.ross718@email.com,415-592-4245,NULL
719,Diego,Gomez,diego.gomez719@email.com,408-674-9589,NULL
720,Angela,Young,angela.young720@email.com,310-372-8046,NULL
721,Samuel,Mendoza,samuel.mendoza721@email.com,310-215-7776,NULL
722,Adam,Campbell,adam.campbell722@email.com,619-295-6254,NULL
723,Patrick,Kim,patrick.kim723@email.com,805-888-5994,NULL
724,Amanda,Hall,amanda.hall724@email.com,206-738-3389,NULL
725,Zachary,Garcia,zachary.garcia725@email.com,408-304-7124,NULL
726,Michelle,Long,michelle.long726@email.com,310-215-1893,NULL
727,Gary,Richardson,gary.richardson727@email.com,415-989-5713,NULL
728,Patricia,Baker,patricia.baker728@email.com,310-412-8373,NULL
729,Noah,Williams,noah.williams729@email.com,619-314-9814,NULL
730,Jason,Clark,jason.clark730@email.com,213-661-8913,NULL
731,Andrew,Ruiz,andrew.ruiz731@email.com,805-485-9631,NULL
732,Barbara,Allen,barbara.allen732@email.com,415-161-5653,NULL
733,Rebecca,Hughes,rebecca.hughes733@email.com,213-154-8617,NULL
734,John,Rodriguez,john.rodriguez734@email.com,702-776-5445,NULL
735,Raymond,Wilson,raymond.wilson735@email.com,805-399-7332,NULL
736,Amy,Carter,amy.carter736@email.com,310-423-8940,NULL
737,Daniel,White,daniel.white737@email.com,408-612-8503,NULL
738,Jennifer,Garcia,jennifer.garcia738@email.com,408-642-5995,NULL
739,Rachel,Morales,rachel.morales739@email.com,702-862-3572,NULL
740,Robert,Hall,robert.hall740@email.com,619-463-5953,NULL
741,Jacob,Cook,jacob.cook741@email.com,213-931-2015,NULL
742,Shirley,Roberts,shirley.roberts742@email.com,805-668-5590,NULL
743,Cynthia,Martin,cynthia.martin743@email.com,619-502-3248,NULL
744,Daniel,Sanders,daniel.sanders744@email.com,702-633-4726,NULL
745,Henry,Walker,henry.walker745@email.com,415-536-6118,NULL
746,Gregory,Edwards,gregory.edwards746@email.com,415-311-3270,NULL
747,Rebecca,Moore,rebecca.moore747@email.com,213-805-9582,NULL
748,Paul,Parker,paul.parker748@email.com,415-771-3589,NULL
749,Christine,Rodriguez,christine.rodriguez749@email.com,310-288-6203,NULL
750,Donna,Sanders,donna.sanders750@email.com,805-883-6221,NULL
751,Victoria,Evans,victoria.evans751@email.com,213-553-5485,NULL
752,Joshua,Jimenez,joshua.jimenez752@email.com,408-209-3155,NULL
753,Deborah,Brown,deborah.brown753@email.com,213-720-4783,NULL
754,Amy,Robinson,amy.robinson754@email.com,805-467-2302,NULL
755,Arturo,Moore,arturo.moore755@email.com,206-829-7126,NULL
756,Deborah,Roberts,deborah.roberts756@email.com,206-585-3253,NULL
757,Carol,Harris,carol.harris757@email.com,408-133-7694,NULL
758,Patricia,Wright,patricia.wright758@email.com,702-327-4323,NULL
759,Timothy,Rodriguez,timothy.rodriguez759@email.com,415-549-9027,NULL
760,Debra,Collins,debra.collins760@email.com,408-537-7633,NULL
761,David,Cox,david.cox761@email.com,702-837-6126,NULL
762,Tyler,Ward,tyler.ward762@email.com,805-633-2791,NULL
763,Evelyn,Collins,evelyn.collins763@email.com,805-998-5025,NULL
764,Julie,Patel,julie.patel764@email.com,805-671-7347,NULL
765,Richard,Harris,richard.harris765@email.com,213-550-7521,NULL
766,Samantha,Jimenez,samantha.jimenez766@email.com,213-572-3727,NULL
767,Adam,Nguyen,adam.nguyen767@email.com,805-806-9470,NULL
768,Andrew,Reyes,andrew.reyes768@email.com,206-192-9202,NULL
769,Mark,White,mark.white769@email.com,415-502-7775,NULL
770,Samuel,Edwards,samuel.edwards770@email.com,805-283-8433,NULL
771,Rebecca,Collins,rebecca.collins771@email.com,310-356-6309,NULL
772,Carol,Alvarez,carol.alvarez772@email.com,310-193-2870,NULL
773,Evelyn,Brooks,evelyn.brooks773@email.com,619-187-9582,NULL
774,Jerry,Sanders,jerry.sanders774@email.com,415-487-7235,NULL
775,Barbara,Foster,barbara.foster775@email.com,415-443-3459,NULL
776,Carol,Jackson,carol.jackson776@email.com,415-887-1840,NULL
777,Kelly,Flores,kelly.flores777@email.com,213-847-8311,NULL
778,Pamela,Watson,pamela.watson778@email.com,415-220-3155,NULL
779,Rebecca,Smith,rebecca.smith779@email.com,213-112-8514,NULL
780,Valeria,Murphy,valeria.murphy780@email.com,805-722-9084,NULL
781,Jacob,Ramirez,jacob.ramirez781@email.com,206-564-7719,NULL
782,Joan,Hernandez,joan.hernandez782@email.com,805-350-9967,NULL
783,Anna,Richardson,anna.richardson783@email.com,408-150-4028,NULL
784,Donna,Davis,donna.davis784@email.com,619-137-3381,NULL
785,William,Bennett,william.bennett785@email.com,213-439-2436,NULL
786,Richard,Wilson,richard.wilson786@email.com,702-282-3643,NULL
787,Larry,Ward,larry.ward787@email.com,415-566-6901,NULL
788,Elizabeth,Lopez,elizabeth.lopez788@email.com,213-430-7038,NULL
789,Heather,Rodriguez,heather.rodriguez789@email.com,702-963-2063,NULL
790,Justin,Stewart,justin.stewart790@email.com,415-224-5496,NULL
791,Gregory,Ortiz,gregory.ortiz791@email.com,702-637-4438,NULL
792,Sharon,Ward,sharon.ward792@email.com,805-211-9666,NULL
793,Daniel,Morris,daniel.morris793@email.com,213-537-6185,NULL
794,Eric,Ortiz,eric.ortiz794@email.com,619-232-9132,NULL
795,Valeria,Murphy,valeria.murphy795@email.com,415-724-4812,NULL
796,Justin,Harris,justin.harris796@email.com,805-221-1392,NULL
797,Judith,Watson,judith.watson797@email.com,310-855-4396,NULL
798,Henry,Evans,henry.evans798@email.com,805-441-6728,NULL
799,Jason,Johnson,jason.johnson799@email.com,408-806-5614,NULL
800,Shirley,Rodriguez,shirley.rodriguez800@email.com,213-407-9301,NULL
801,Samuel,Foster,samuel.foster801@email.com,805-216-6460,NULL
802,Catherine,Gomez,catherine.gomez802@email.com,805-952-3877,NULL
803,Stephanie,Nelson,stephanie.nelson803@email.com,619-788-8849,NULL
804,Megan,Jones,megan.jones804@email.com,415-593-3545,NULL
805,Olivia,Morgan,olivia.morgan805@email.com,619-573-7782,NULL
806,Joseph,Gutierrez,joseph.gutierrez806@email.com,213-678-6169,NULL
807,Robert,Clark,robert.clark807@email.com,619-918-6793,NULL
808,Thomas,Martin,thomas.martin808@email.com,213-960-1510,NULL
809,Alexander,Carter,alexander.carter809@email.com,415-684-7382,NULL
810,Deborah,Kim,deborah.kim810@email.com,310-985-6050,NULL
811,Benjamin,Price,benjamin.price811@email.com,805-378-7780,NULL
812,Daniel,Murphy,daniel.murphy812@email.com,408-480-8404,NULL
813,Samantha,Ramirez,samantha.ramirez813@email.com,213-279-2838,NULL
814,Maria,Jones,maria.jones814@email.com,408-194-8270,NULL
815,Michael,Morris,michael.morris815@email.com,415-294-6572,NULL
816,Sofia,Sanders,sofia.sanders816@email.com,213-894-6363,NULL
817,Andrew,Foster,andrew.foster817@email.com,310-941-9456,NULL
818,Kimberly,Clark,kimberly.clark818@email.com,805-570-7350,NULL
819,Sandra,Smith,sandra.smith819@email.com,213-145-2426,NULL
820,Rachel,Reyes,rachel.reyes820@email.com,805-205-9529,NULL
821,Katherine,Williams,katherine.williams821@email.com,213-754-4438,NULL
822,Samuel,Sanchez,samuel.sanchez822@email.com,408-393-5532,NULL
823,Christine,Foster,christine.foster823@email.com,206-787-2927,NULL
824,Emma,Martin,emma.martin824@email.com,415-380-2875,NULL
825,Patricia,Richardson,patricia.richardson825@email.com,310-311-9888,NULL
826,Carolyn,Peterson,carolyn.peterson826@email.com,619-377-3319,NULL
827,Larry,Kelly,larry.kelly827@email.com,408-275-2167,NULL
828,Katherine,Ward,katherine.ward828@email.com,619-653-8268,NULL
829,Richard,Taylor,richard.taylor829@email.com,805-582-1826,NULL
830,Margaret,Roberts,margaret.roberts830@email.com,805-188-7987,NULL
831,Tyler,Thompson,tyler.thompson831@email.com,206-731-6826,NULL
832,Katherine,Nelson,katherine.nelson832@email.com,408-830-9740,NULL
833,Christopher,Long,christopher.long833@email.com,206-681-3159,NULL
834,Lisa,Hughes,lisa.hughes834@email.com,206-199-8464,NULL
835,Katherine,Mendoza,katherine.mendoza835@email.com,206-581-4796,NULL
836,Cynthia,Jackson,cynthia.jackson836@email.com,213-472-7423,NULL
837,George,Hughes,george.hughes837@email.com,619-907-6320,NULL
838,Peter,Morales,peter.morales838@email.com,805-166-8787,NULL
839,Mark,Hall,mark.hall839@email.com,206-572-3798,NULL
840,Larry,Foster,larry.foster840@email.com,619-718-3087,NULL
841,Anthony,Phillips,anthony.phillips841@email.com,310-433-2162,NULL
842,Samantha,Morgan,samantha.morgan842@email.com,206-510-7773,NULL
843,Kathleen,Richardson,kathleen.richardson843@email.com,408-661-3605,NULL
844,Sofia,Roberts,sofia.roberts844@email.com,310-448-4411,NULL
845,Nathan,Parker,nathan.parker845@email.com,619-657-4869,NULL
846,Brian,James,brian.james846@email.com,310-857-8972,NULL
847,Sandra,Ramos,sandra.ramos847@email.com,206-433-2599,NULL
848,Joan,Thompson,joan.thompson848@email.com,213-515-2140,NULL
849,Margaret,Mendoza,margaret.mendoza849@email.com,702-435-9098,NULL
850,Jessica,Lopez,jessica.lopez850@email.com,408-936-3276,NULL
851,James,Long,james.long851@email.com,415-776-3444,NULL
852,Evelyn,Morgan,evelyn.morgan852@email.com,213-499-8326,NULL
853,Ronald,Clark,ronald.clark853@email.com,619-406-5989,NULL
854,Lauren,Alvarez,lauren.alvarez854@email.com,619-191-1133,NULL
855,Joyce,Taylor,joyce.taylor855@email.com,213-163-7049,NULL
856,Susan,Smith,susan.smith856@email.com,619-212-5623,NULL
857,Linda,Walker,linda.walker857@email.com,702-819-7459,NULL
858,Christine,Alvarez,christine.alvarez858@email.com,702-515-7251,NULL
859,Lauren,Cooper,lauren.cooper859@email.com,408-778-3841,NULL
860,Megan,Moore,megan.moore860@email.com,408-668-7301,NULL
861,Raymond,Turner,raymond.turner861@email.com,415-395-3056,NULL
862,Paul,Johnson,paul.johnson862@email.com,310-763-1257,NULL
863,Andrew,Castillo,andrew.castillo863@email.com,206-773-8155,NULL
864,Paul,Hernandez,paul.hernandez864@email.com,415-757-7813,NULL
865,Peter,Hughes,peter.hughes865@email.com,702-738-3945,NULL
866,Peter,Rogers,peter.rogers866@email.com,702-665-8373,NULL
867,Jerry,Rivera,jerry.rivera867@email.com,408-290-7959,NULL
868,Mary,Kelly,mary.kelly868@email.com,206-967-4878,NULL
869,Jonathan,Evans,jonathan.evans869@email.com,619-134-1620,NULL
870,Sofia,Price,sofia.price870@email.com,619-215-8889,NULL
871,Christopher,Jackson,christopher.jackson871@email.com,213-576-9469,NULL
872,Christopher,Gutierrez,christopher.gutierrez872@email.com,310-351-8740,NULL
873,Karen,Mendoza,karen.mendoza873@email.com,213-727-1864,NULL
874,Catherine,Morgan,catherine.morgan874@email.com,805-580-8438,NULL
875,Noah,Kelly,noah.kelly875@email.com,619-531-6782,NULL
876,Nicole,Nguyen,nicole.nguyen876@email.com,415-136-5981,NULL
877,Eric,Davis,eric.davis877@email.com,206-692-3770,NULL
878,Susan,James,susan.james878@email.com,213-928-1447,NULL
879,Pamela,Morales,pamela.morales879@email.com,310-229-9283,NULL
880,Karen,Scott,karen.scott880@email.com,213-235-5603,NULL
881,Stephen,Allen,stephen.allen881@email.com,805-859-2827,NULL
882,Brian,Ramos,brian.ramos882@email.com,415-774-8317,NULL
883,Jack,Thompson,jack.thompson883@email.com,213-901-4869,NULL
884,Diego,White,diego.white884@email.com,805-451-2382,NULL
885,Donna,Kim,donna.kim885@email.com,415-957-9125,NULL
886,Victoria,Foster,victoria.foster886@email.com,702-343-8211,NULL
887,Kevin,Clark,kevin.clark887@email.com,619-155-5331,NULL
888,Sandra,Miller,sandra.miller888@email.com,415-575-7533,NULL
889,Megan,Hill,megan.hill889@email.com,206-864-9724,NULL
890,Amy,Carter,amy.carter890@email.com,702-585-5302,NULL
891,Donna,Ortiz,donna.ortiz891@email.com,702-112-5731,NULL
892,Walter,Carter,walter.carter892@email.com,619-642-1672,NULL
893,Matthew,Morgan,matthew.morgan893@email.com,619-964-8074,NULL
894,Emma,Nelson,emma.nelson894@email.com,213-373-2610,NULL
895,Shirley,Wood,shirley.wood895@email.com,702-572-4961,NULL
896,Stephanie,Gutierrez,stephanie.gutierrez896@email.com,619-793-3947,NULL
897,Benjamin,Peterson,benjamin.peterson897@email.com,805-788-1138,NULL
898,Sarah,Johnson,sarah.johnson898@email.com,702-200-9605,NULL
899,Anthony,Mendoza,anthony.mendoza899@email.com,206-459-4594,NULL
900,Larry,Allen,larry.allen900@email.com,408-134-1388,NULL
901,Lisa,Davis,lisa.davis901@email.com,408-713-2995,NULL
902,Donald,Lopez,donald.lopez902@email.com,415-484-4027,NULL
903,Mark,Hughes,mark.hughes903@email.com,415-359-5826,NULL
904,Judith,James,judith.james904@email.com,310-754-8429,NULL
905,Stephen,Foster,stephen.foster905@email.com,702-808-6298,NULL
906,Shirley,Lee,shirley.lee906@email.com,310-383-2022,NULL
907,Heather,Roberts,heather.roberts907@email.com,619-161-5230,NULL
908,Brenda,Thompson,brenda.thompson908@email.com,206-171-9056,NULL
909,Rebecca,Ward,rebecca.ward909@email.com,702-282-9061,NULL
910,Margaret,Jackson,margaret.jackson910@email.com,702-323-2740,NULL
911,Joan,Alvarez,joan.alvarez911@email.com,213-205-1571,NULL
912,Charles,Martinez,charles.martinez912@email.com,213-895-8305,NULL
913,Robert,Murphy,robert.murphy913@email.com,415-768-1014,NULL
914,Elizabeth,Bennett,elizabeth.bennett914@email.com,702-372-3483,NULL
915,Gregory,Gomez,gregory.gomez915@email.com,805-627-9039,NULL
916,Arturo,Parker,arturo.parker916@email.com,702-964-2148,NULL
917,Cynthia,Smith,cynthia.smith917@email.com,702-805-8898,NULL
918,Ashley,Reed,ashley.reed918@email.com,619-441-5961,NULL
919,Aaron,Davis,aaron.davis919@email.com,310-474-9759,NULL
920,Catherine,Hernandez,catherine.hernandez920@email.com,206-878-5750,NULL
921,Rebecca,Thompson,rebecca.thompson921@email.com,805-493-4129,NULL
922,Scott,Hughes,scott.hughes922@email.com,702-209-6886,NULL
923,Diego,Hernandez,diego.hernandez923@email.com,206-852-4104,NULL
924,Emily,Jones,emily.jones924@email.com,408-125-4907,NULL
925,Camila,Roberts,camila.roberts925@email.com,310-911-9856,NULL
926,Brandon,Murphy,brandon.murphy926@email.com,206-116-1606,NULL
927,Alexander,Davis,alexander.davis927@email.com,619-906-1701,NULL
928,Joyce,Thomas,joyce.thomas928@email.com,408-926-9570,NULL
929,Olivia,Gray,olivia.gray929@email.com,415-858-4817,NULL
930,Charles,Jones,charles.jones930@email.com,415-600-1312,NULL
931,Noah,Richardson,noah.richardson931@email.com,805-348-3138,NULL
932,Patricia,Thompson,patricia.thompson932@email.com,805-414-2594,NULL
933,Peter,Ward,peter.ward933@email.com,415-955-2047,NULL
934,Margaret,Anderson,margaret.anderson934@email.com,206-709-4613,NULL
935,Thomas,Sanchez,thomas.sanchez935@email.com,702-445-7586,NULL
936,Debra,Thomas,debra.thomas936@email.com,415-429-4493,NULL
937,Barbara,Ramos,barbara.ramos937@email.com,415-443-2035,NULL
938,Donald,Scott,donald.scott938@email.com,415-875-7801,NULL
939,Amanda,Hughes,amanda.hughes939@email.com,619-666-3703,NULL
940,Zachary,Young,zachary.young940@email.com,805-236-2637,NULL
941,Dennis,Jimenez,dennis.jimenez941@email.com,415-116-8978,NULL
942,Christopher,Smith,christopher.smith942@email.com,805-283-2460,NULL
943,Larry,Turner,larry.turner943@email.com,206-808-3079,NULL
944,Timothy,Jackson,timothy.jackson944@email.com,213-635-8379,NULL
945,Victoria,Walker,victoria.walker945@email.com,415-725-1616,NULL
946,George,Alvarez,george.alvarez946@email.com,206-726-2442,NULL
947,Samantha,Hall,samantha.hall947@email.com,702-104-4860,NULL
948,Stephanie,Thomas,stephanie.thomas948@email.com,310-733-6929,NULL
949,Jeffrey,Reyes,jeffrey.reyes949@email.com,408-383-1869,NULL
950,Stephanie,Anderson,stephanie.anderson950@email.com,415-801-8772,NULL
951,Valeria,Thompson,valeria.thompson951@email.com,415-786-1706,NULL
952,Susan,Chavez,susan.chavez952@email.com,619-391-4433,NULL
953,Lauren,Allen,lauren.allen953@email.com,619-731-8424,NULL
954,Barbara,Wilson,barbara.wilson954@email.com,805-650-3881,NULL
955,Kenneth,Brown,kenneth.brown955@email.com,206-627-2901,NULL
956,Charles,Walker,charles.walker956@email.com,206-706-6340,NULL
957,Kelly,Sanchez,kelly.sanchez957@email.com,619-335-2804,NULL
958,Debra,Robinson,debra.robinson958@email.com,310-342-7759,NULL
959,Rebecca,Carter,rebecca.carter959@email.com,408-175-8716,NULL
960,Diego,Miller,diego.miller960@email.com,702-248-4541,NULL
961,Peter,Thompson,peter.thompson961@email.com,702-482-3234,NULL
962,Olivia,Castillo,olivia.castillo962@email.com,408-747-6875,NULL
963,Emma,Sanchez,emma.sanchez963@email.com,619-230-1525,NULL
964,Jessica,Scott,jessica.scott964@email.com,415-213-8627,NULL
965,Olivia,Turner,olivia.turner965@email.com,415-878-6629,NULL
966,Jeffrey,Nguyen,jeffrey.nguyen966@email.com,415-908-3784,NULL
967,Ryan,Lopez,ryan.lopez967@email.com,702-977-9548,NULL
968,Camila,Ramirez,camila.ramirez968@email.com,206-957-8581,NULL
969,Anna,Johnson,anna.johnson969@email.com,702-853-5041,NULL
970,Angela,Adams,angela.adams970@email.com,702-693-4643,NULL
971,Joshua,Kelly,joshua.kelly971@email.com,805-527-1724,NULL
972,David,Stewart,david.stewart972@email.com,805-535-9701,NULL
973,Tyler,Morris,tyler.morris973@email.com,310-563-9114,NULL
974,Kathleen,Hernandez,kathleen.hernandez974@email.com,805-809-7662,NULL
975,Laura,Taylor,laura.taylor975@email.com,619-402-4916,NULL
976,Lisa,Williams,lisa.williams976@email.com,206-785-5994,NULL
977,Carol,Price,carol.price977@email.com,206-978-1399,NULL
978,Peter,Reyes,peter.reyes978@email.com,415-995-7641,NULL
979,Deborah,Mitchell,deborah.mitchell979@email.com,206-820-1022,NULL
980,Charles,Roberts,charles.roberts980@email.com,619-643-1535,NULL
981,Nicole,Diaz,nicole.diaz981@email.com,213-814-9887,NULL
982,Sharon,Mendoza,sharon.mendoza982@email.com,310-735-6500,NULL
983,Joseph,Rogers,joseph.rogers983@email.com,619-152-2818,NULL
984,Jerry,Campbell,jerry.campbell984@email.com,206-733-1669,NULL
985,Ruth,Campbell,ruth.campbell985@email.com,415-763-2097,NULL
986,Timothy,Moore,timothy.moore986@email.com,619-344-9841,NULL
987,Sandra,Wood,sandra.wood987@email.com,206-855-4437,NULL
988,Cynthia,Adams,cynthia.adams988@email.com,619-373-9250,NULL
989,Adam,Scott,adam.scott989@email.com,805-164-7108,NULL
990,Patrick,Edwards,patrick.edwards990@email.com,206-613-9629,NULL
991,Ashley,Stewart,ashley.stewart991@email.com,213-562-7031,NULL
992,Thomas,Harris,thomas.harris992@email.com,206-189-2313,NULL
993,Tyler,Thompson,tyler.thompson993@email.com,213-178-2791,NULL
994,Kevin,Scott,kevin.scott994@email.com,310-813-3424,NULL
995,Valeria,Martin,valeria.martin995@email.com,408-633-1371,NULL
996,Nicole,Turner,nicole.turner996@email.com,415-585-6680,NULL
997,Kelly,Cruz,kelly.cruz997@email.com,805-398-4097,NULL
998,Thomas,Williams,thomas.williams998@email.com,408-954-9513,NULL
999,Rachel,Evans,rachel.evans999@email.com,619-771-6346,NULL
1000,Diego,Ramos,diego.ramos1000@email.com,206-568-5982,NULL
